{"test_loss": 0.4487459808588028, "test_acc": 0.8273809523809524, "number_of_parameters": 85801732, "model_size (MB)": 327}